﻿店家名稱,統一編號,刑事/民事
小房子背包客棧,88931401,
福泰桔子商旅文化店,43294146,
KM Hostel 距離背包客棧,85740723,
仲青行旅嘉義館 LIGHT HOSTEL,24862787,
客旅家,81307775,刑事
日光輕旅 晃拾光,42976071,
23星球,90428997,
Oinn Hotel & Hostel Chiayi－文化輕旅,54973108,
塔拉TARA民宿GUEST HOUSE,,
La Wa House,81287721,
嘉義小青旅,40852173,
H& 台南微醺文旅 / H& tainan weshare hotel,81442511,
U.I.J Hotel & Hostel - 友愛街旅館,28723772,
Oinn Hotel & Hostel Tainan－巷弄潮旅,28521831,
【南惰 • House Nandoor】背包客棧,,
臺南水倉依舊民宿,,
我鹿背包輕旅x mydeer backpacker,92354845,
158.棧,,
驛家旅店-EasyInn Hotel & Hostel-青年旅館,54080509,刑事
艸祭Book inn,47947626,
Loft18 Hostel 陳倉客棧,,
De Provintia Straat B&B 普羅民遮民宿,,
藏風The WIND GUESTHOUSE,,
清淨背包客棧-民權新館,,
台南 東寧文旅 ,24919352,
哈木家,40888165,
紡南FunNan Guesthouse,85607210,
1881雅客居,,
漫半拍民宿,,
福憩背包客棧-和平館,40950370,刑事/民事
福憩背包客棧-緣憩館,,
365.合日旅所 365.Hostel,,
Journey Hostel 掘旅,24907623,
老曼船長鐵道HOSTEL,,
仲青行旅台南館 LIGHT HOSTEL,24649837,
good garden hostel 谷園客棧,54569923,
成功古巷民宿 (Red House & Old Lane ChengGong Inn),,
府城窩旅 Tainanwow,83212986,
紙飛機高雄青年旅館-捷運高醫後驛店PaperPlane Hostel,42800356,
奇異果快捷旅店-高雄車站店,16889093,刑事
國泰旅社-背包客的窩,83129241,刑事/民事
AHIRUYAH 鴨家青年旅館,54215823,
小承輕旅,90803297,
同．居 With Inn HosteL,,
敲敲門青旅 Knock Knock Hostel,47639037,
旅聚居青年旅舍,24676833,
Uno青年旅舍,54638652,刑事
遊大俠x七桃公寓,24680610,民事
美麗道商旅,59095093,
背包41青年旅館 - 高雄館,53905173,
飛行家青年旅館FLYINN HOSTEL,54827605,
旅悅 國際青年旅館 D’well Hostel,54621147,
天藝商旅,54299365,刑事/民事
巢鴨青年館,69829052,
NJOY TAKAO KITCHEN,54194518,
嶼海tuà-hái,89066264,
Divingmind潛意識恆春分部,,
悠樂趣潛水俱樂部,,
SEACHANGER正式自由,,
醉初自由潛水,,
潛水部落 D Dive Center,,
浪影 surfilms 背包旅宿,47893950,
暖洋潛水旅宿 Wonder Ocean Dive Hostel,,
好好睡GOOD HOSTEL,,
鯊墾丁潛水旅店 Sharkenting Dive Center,88773352,
no excuse X the ride 小帳篷 背包客住宿,,
南喃背包輕旅,"	85744024",
海島瘋３號店－薄荷小日子旅宿Days In Bohol,88783008,
貓魚小窩,,
恆茄-自由潛水背包客棧,,
墾丁幫客青年旅館 Kenting Bunk Hostel,,
水采田潛水酒吧民宿,,
騏艦藍海灣&潛水度假村,"	54117920",民事
深度潛水Deep Dive Center,83606573,
TIAMAT® Diving Club × 苦水輕旅,,
輕旅宿,,
留下旅舍/ The Way Hostel&Bar,40824120,
深呼吸潛水渡假民宿 Azure Journey Dive & Villa,,
台灣潛水墾丁店,,
光合樂潛水度假中心,,
好好潛水 GOOD DIVE,,
新發文旅公園店,,
車城背包客棧,,
三鮫貓潛水,88790747,
HDK旱鴨子自由潛水(HanDucK),,
Kenting Original Hostel 墾丁返璞歸真背包客棧 Backpacker,,
墾丁 My Home 青年旅館背包客棧,40815298,
好心情-墾丁背包客棧（2館）,,
星空/太空艙旅店,"	81946935",刑事
The First 南灣青年旅館,,
