﻿店家名,統一編號,刑事/民事,,
PADI Diving Center/花蓮潛水協會/花蓮救生協會-會址,15791467,,,
浪潛水旅行Wave Dive Trips/潛水/SUP立槳/溯溪/原住民文化生活體驗/戶外運動,83491853,,,
和平潛水,76953891,,,
好野人休閒事業有限公司,24328547,民事,,
東河潛水,40828857,,,
海灣潛水 Bay Dive,90530141,,,
綠島熱浪潛水中心,47893109,,,
綠島庫達潛水社,37610588,,,
好朋友潛水中心,93851716,,,
火燒島潛水度假中心,37734048,,,
台灣潛水 綠島店 Green Island Dive,,,,
浪漫潛水,,,,
藍洋潛水訓練中心 Blue Ocean SCUBA Center,85801609,,,
綠島海角樂園水上活動中心,,,,
聯慶愛潛水 Green Island Scuba Diving,47888181,,,
私家潛水旅宿,85578313,,,v
綠島極光潛水,,,,
愛潛客潛水社,47762789,,,
海子・Ocean Rover 綠島潛水旅宿,92403206,,,v
"Oceanian 綠島自由潛水背包客棧 Green island,Taiwan",88786217,,,v
海洋之星潛水俱樂部,47758954,,,
潛。無極 Moji Dive,,,,
綠島潛水出租店,10823095,,,
島潛。Islands Dive,,,,
綠島飛魚潛水,09528102,,,
Goods dive,,,,
水青潛水旅宿,88901384,,,v
Diving.come,,,,
夏潛趣潛水中心,47764098,,,
安全停留潛水中心,,,,
綠島-潛很大 Dive La Vie,37729994,,,
綠島 樂潛殿,,,,
五米的藍潛水工作室,,,,
綠島野蠻紮實潛水社,85578708,,,
綠島-飛航模室潛水旅宿 Green lsland Airplane mode Hostel,,,,v
綠島 海遇潛水,,,,
勝宏浮潛,36859842,刑事/民事,,
Hao想潛水,,,,
Koh ocean · 嶼海 綠島自由潛水旅宿,,,,v
綠島海灣會館,45060679,公懲,,v
洄遊潛水Migration Diving,83641635,,,
綠島微風潛水度假中心,,,,v
佈拉咖潛旅,47757688,,,v
綠島玉米-潛水住宿Diveholix Homestay,,,,v
海島旅人 Diving Hostel ,,,,v
綠島快樂潛水民宿,47890807,,,v
月光城堡潛水中心(Mooncastle Dive Center),37660833,,,
過日子民宿&綠島阿禧潛水俱樂部,10102364,,,v
CoolDiving Hostel｜背包輕旅｜潛水課程｜活動行程｜,,,,v
海街日記-OCEAN DIARY 綠島潛水旅宿,,,,v
植海的人 Seed of the Ocean,,,,
藏水綠島館Hide and Sea,91013481,,,v
戀戀火燒島,62977211,刑事/民事,,
走走 zou l zou,,,,
海人生 C'est la vie 綠島海景民宿,,,,v
水面休息潛水員旅宿,,,,v
炫富·綠島 租車x潛水x套裝旅遊行程,,,,
柒七潛水旅店,36864015,,,v
島人嶼海,89029677,,,
綠島9號精品渡假村,,,,v
高氧旅宿,89083123,,,v
愛上綠島民宿,,,,v
綠島居福潛水,78756517,,,
綠島海猴子潛水Green Island Sea Monkey Diving,81299058,,,
綠島啤 酒魚潛水中心,89036945,,,
綠島海韻民宿(安欣立潛水中心happyminimi divecenter) |自由潛水 |水肺潛水|,,,,v
BLUE SAFARI DIVING CENTER 藍莎潛水中心（PADI五星級教練發展潛水中心）,10110272,,,
綠島怪獸潛水,,,,
夏咖SHAKA D.C.潛水中心 Shaka.Aloha（SSI潛水中心）,,,,
綠島涵館TUBE18,,,,v
綠棕海租車浮潛社,47887556,,,
綠島諾亞民宿,40842231,,,v
蘭嶼 蘭底潛水,85572660,,,
藍海屋潛水渡假村,,,,v
蘭嶼潛規則工作室,81302440,,,
蘭嶼東龍潛水Tung Lung Diving INN,81390106,,,
蘭嶼路易浮潛&SUP,,,,
Tec Only 潛水中心,,,,
蘭嶼 飛魚浮潛,,,,
Hertz freediving 自由潛水學校（蘭嶼）,91419291,,,
Ownmind自由潛水工作室,,,,
Azul Apnea Freediving 朗。自由潛水,,,,
暖暖浮潛,,,,
Unlockdive 解鎖自由潛水工作室,,,,
蘭嶼小馬浮潛工作室/SUP立槳&浮潛體驗,,,,
海岸線 Lanyu Coastline,,,,
蘭嶼海的窩,85571228,,,
吉米探險家露營地&潛水俱樂部 Jimmy Explorer's Campsite & Diving Club,85573400,,,
玩在蘭嶼—水上自行車/在地旅遊套裝行程,,,,
