﻿店家,統一編號,刑事/民事
作伙潛水有限公司,83749621,
JBC潛水,,
巡航艦潛水,17682583,
夢想家潛水,72840284,民事
28度C潛水俱樂部,,
豆花潛水,,
元氣潛水,,
湛藍(Into The Blue),,
亞太訓練中心,,
包捷潛水,,
亞太遊艇-宜蘭龜山島,,
珊瑚海潛水,,
良友潛水,80716132,
國傑工程企業有限公司,00776690,民事
利峰國際潛水,,
潮海致境潛水中心,83013038,
揪潛水,42298025,
東北角潛水客棧,,
88K坤成潛水中心,02296541,
神豬海底漫遊潛水訓練中心,82088600,
鬥陣潛水,,
亞潮潛水中心,23738115,
iDiving愛潛水,"	25122613",民事
四分之一潛水訓練中心,66555331,
飛漩潛水,90094703,
悠潛潛水 ,72653606,
海玩子潛水訓練中心,"	28329096",
台灣潛水Taipei ,79838170,民事/刑事
藍星海洋潛水俱樂部,82847878,
52龍洞/52LDNAUI Diving Center,"	15558877",
Bali-Hi 潛水休閒中心,,
逐海俱樂部,,
88潛水俱樂部,,
891新莊潛水家,,
台灣潛伴俱樂部,,
台灣樂潛 潛水中心,72932489,
太平洋潛水中心,50788496,
1988潛水家,50788496,民事
海底玩家潛水訓練中心,80013816,民事/刑事
