﻿店家名,店家名(英),地區,縣市,地址,緯度,經度,營業時間(起),營業時間(迄),入住時間(起),入住時間(迄),退房時間(起),退房時間(迄),交通建議,周遭潛點,連結
Free Pilot自由領航員潛水中心,,中部地區,台中市,40350台中市西區中興ㄧ巷6號1樓,24.14752,120.6629,,,,,,,,,
台中意潛自由潛水 freediving,,中部地區,台中市,402台中市南區工學路59巷9號,24.11647,120.66597,,,,,,,,,
海嬉潛水店 Ocean Fun Diving Shop,,中部地區,台中市,40443台中市北區原子街154號,24.14894,120.677,,,,,,,,,
一起潛水訓練中心,,中部地區,台中市,404台中市北區崇德路一段55號B2,24.15703,120.68411,,,,,,,,,
台中潛立方,,中部地區,台中市,407台中市西屯區安和西路69號1樓,24.17627,120.62097,,,,,,,,,
slowdive 漫潛,,中部地區,台中市,404台中市北區美德街20號,24.15769,120.68435,,,,,,,,,
新竹潛水蟲 EOT 潛水訓練中心,,北部地區,新竹縣,304新竹縣新豐鄉仁愛街55巷25號,24.87598,120.99113,,,,,,,,,
Tipsy Freediving 沉醉自潛,,北部地區,新竹縣,302新竹縣竹北市博愛街507號,24.83929,121.01062,,,,,,,,,
藍灣潛水訓練中心,,北部地區,新竹市,300新竹市東區明湖路400巷2-1號,24.7855,120.96713,,,,,,,,,
作伙潛水訓練中心,,北部地區,桃園市,33850桃園市蘆竹區五福六路53號,25.07149002,121.2951032,,,,,,,,,
JBC潛水,,北部地區,桃園市,330桃園市桃園區南華街207號,25.00484159,121.3656497,,,,,,,,,
巡航艦潛水,,北部地區,桃園市,330桃園市桃園區宏昌六街76號,24.9942515,121.297798,,,,,,,,,
夢想家潛水,,北部地區,桃園市,334桃園市八德區忠勇三街87號,24.98180405,121.309471,,,,,,,,,
28度C潛水俱樂部,,北部地區,桃園市,32093桃園市中壢區龍平三街6號,24.93698278,121.2565993,,,,,,,,,
元氣潛水,,北部地區,桃園市,330桃園市桃園區中平路34之1號,24.99197052,121.2909633,,,,,,,,,
湛藍(Into The Blue),,北部地區,桃園市,338桃園市蘆竹區忠孝東路17-3號4樓,25.04991345,121.2934328,,,,,,,,,
亞太訓練中心,,北部地區,桃園市,320桃園市中壢區龍岡路三段572號,24.94131613,121.2379503,,,,,,,,,
包捷潛水,,北部地區,宜蘭縣,261宜蘭縣頭城鎮濱海路六段70號,24.97010843,121.9240208,,,,,,,,,
亞太遊艇-宜蘭龜山島,,北部地區,宜蘭縣,261宜蘭縣頭城鎮烏石巷遊艇碼頭,24.87156419,121.8379208,,,,,,,,,
珊瑚海潛水,,北部地區,宜蘭縣,270宜蘭縣蘇澳鎮,24.58647922,121.8789205,,,,,,,,,
良友潛水,,北部地區,基隆市,202基隆市中正區中正路598號,25.15705511,121.7669359,,,,,,,,,
國傑工程企業有限公司,,北部地區,基隆市,202基隆市中正區北寧路362-1號,25.13971217,121.7923281,,,,,,,,,
利峰國際潛水,,北部地區,基隆市,202基隆市中正區北寧路275巷12號,25.14046974,121.7938945,,,,,,,,,
潮海致境潛水中心,,北部地區,基隆市,202301基隆市中正區北寧路396巷6號,25.13997441,121.7970879,,,,,,,,,
揪潛水,,北部地區,基隆市,202基隆市中正區北寧路424號,25.14044061,121.7981179,,,,,,,,,
東北角潛水客棧,,北部地區,新北市,228新北市貢寮區龍洞街64號,25.11929712,121.9237502,,,,,,,,,
神豬海底漫遊潛水訓練中心,,北部地區,新北市,221新北市汐止區水源路一段155號1樓,25.06723098,121.6631848,,,,,,,,,
坤成潛水,,北部地區,新北市,新北市貢寮區龍洞路60-3號,25.11803494,121.9166799,,,,,,,,,
鬥陣潛水,,北部地區,台北市,115台北市南港區玉成街40號,25.05658804,121.5845202,,,,,,,,,
亞潮潛水中心,,北部地區,台北市,116台北市文山區興隆路一段235號,25.00098942,121.5656797,,,,,,,,,
iDiving愛潛水,,北部地區,台北市,111台北市士林區前港街8號,25.09927945,121.5339093,,,,,,,,,
四分之一潛水訓練中心,,北部地區,新北市,24149新北市三重區河邊北街108號,25.08515231,121.5061375,,,,,,,,,
飛漩潛水,,北部地區,新北市,247新北市蘆洲區中山二路137巷9號1樓,25.10837306,121.474786,,,,,,,,,
悠潛潛水,,北部地區,新北市,242新北市新莊區頭前路No. 60-3號,25.05891354,121.4684916,,,,,,,,,
海玩子潛水訓練中心,,北部地區,新北市,220新北市板橋區光武街136巷8弄6號1樓,25.03776326,121.4652985,,,,,,,,,
台灣潛水Taipei,,北部地區,新北市,220新北市板橋區縣民大道三段187巷14號,25.032514,121.4922064,,,,,,,,,
藍星海洋潛水俱樂部,,北部地區,新北市,235新北市中和區南山路27號,25.00422248,121.5028494,,,,,,,,,
52龍洞/52LDNAUI Diving Center,,北部地區,新北市,228新北市貢寮區龍洞街52號,25.11529482,121.9155849,,,,,,,,,
Bai-Hi潛水休閒中心,,北部地區,新北市,228新北市貢寮區和美街71號,25.07852937,121.9211979,,,,,,,,,
逐海俱樂部,,北部地區,新北市,241新北市三重區富華街81號1樓,25.08806695,121.5030189,,,,,,,,,
88潛水俱樂部,,北部地區,新北市,23578新北市中和區景德街88號,24.99879676,121.5373512,,,,,,,,,
891新莊潛水家,,北部地區,新北市,242新北市新莊區中正路891之29號2樓,25.0399601,121.3634028,,,,,,,,,
海底玩家潛水訓練中心,,北部地區,新北市,234新北市永和區中山路一段193-1號,25.02047434,121.5436792,,,,,,,,,
台灣潛伴俱樂部,,北部地區,台北市,111台北市士林區中山北路五段735號1號樓號,25.10294377,121.5255641,,,,,,,,,
台灣樂潛 潛水中心,,北部地區,台北市,104台北市中山區農安街125巷2號,25.07189738,121.5419232,,,,,,,,,
太平洋潛水中心,,北部地區,台北市,115台北市南港區南港路三段80巷65號,25.05836032,121.595107,,,,,,,,,
1988潛水家,,北部地區,台北市,10586台北市松山區健康路408號1樓,25.05698917,121.562238,,,,,,,,,
PADI Diving Center/花蓮潛水協會/花蓮救生協會-會址,,東部地區,花蓮縣,970花蓮縣花蓮市富裕二街169號,23.99659689,121.6009852,,,,,,,,,
浪潛水旅行Wave Dive Trips/潛水/SUP立槳/溯溪/原住民文化生活體驗/戶外運動,,東部地區,花蓮縣,977花蓮縣豐濱鄉港口石梯坪33 號,23.48273167,121.5094543,,,,,,,,,
和平潛水,,東部地區,花蓮縣,970花蓮縣花蓮市和平路341號,23.97345173,121.6036568,,,,,,,,,
好野人休閒事業有限公司,,東部地區,花蓮縣,970花蓮縣花蓮市水源街79巷8號,23.98564623,121.617556,,,,,,,,,
東河潛水,,東部地區,台東縣,959台東縣東河鄉東河村13鄰364號,22.96987012,121.3035186,,,,,,,,,
海灣潛水 Bay Dive,,外島/離島地區,台東縣,951台東縣綠島鄉漁港10-3號,22.66116764,121.4743589,,,,,,,,,
綠島熱浪潛水中心,,外島/離島地區,台東縣,951台東縣綠島鄉216之1號,22.67430547,121.4774551,,,,,,,,,
綠島庫達潛水社,,外島/離島地區,台東縣,951台東縣綠島鄉中寮村52-1號,22.67304707,121.4727135,,,,,,,,,
好朋友潛水中心,,外島/離島地區,台東縣,951台東縣綠島鄉公館村柴口62-26號,22.67698636,121.4835819,,,,,,,,,
火燒島潛水度假中心,,外島/離島地區,台東縣,951台東縣綠島鄉南寮村239-1號,22.67298294,121.4682027,,,,,,,,,
台灣潛水 綠島店 Green Island Dive,,外島/離島地區,台東縣,951台東縣綠島鄉一零三之一號,22.67693404,121.4873417,,,,,,,,,
浪漫潛水,,外島/離島地區,台東縣,95142台東縣綠島鄉951柴口168號,22.67747477,121.4853451,,,,,,,,,
綠島海角樂園水上活動中心,,外島/離島地區,台東縣,"綠島鄉南寮村39號, Taitung, Taiwan ",22.66577849,121.4711462,,,,,,,,,
"Oceanian 綠島自由潛水背包客棧 Green island,Taiwan",,外島/離島地區,台東縣,951台東縣綠島鄉柴口79-1 ,22.67705622,121.4862066,,,,,,,,,
潛。無極 Moji Dive,,外島/離島地區,台東縣,台灣台東縣綠島鄉南寮漁港綠島50號,22.66487039,121.4713626,,,,,,,,,
島潛。Islands Dive,,外島/離島地區,台東縣,951台東縣綠島鄉南寮漁港15-6號,22.66216209,121.4734537,,,,,,,,,
聯慶愛潛水 Green Island Scuba Diving,,外島/離島地區,台東縣,951台東縣綠島鄉漁港 路2-6 號,22.65769772,121.4753426,,,,,,,,,
私家潛水旅宿,,外島/離島地區,台東縣,951台東縣綠島鄉公館村公館村柴口26-2號,22.67402253,121.4783265,,,,,,,,,
綠島極光潛水,,外島/離島地區,台東縣,951台東縣綠島鄉39號,22.67443586,121.479176,,,,,,,,,
愛潛客潛水社,,外島/離島地區,台東縣,951台東縣綠島鄉227-1號,22.67421072,121.4744721,,,,,,,,,
海子?Ocean Rover 綠島潛水旅宿,,外島/離島地區,台東縣,951台東縣綠島鄉柴口105-1號,22.67685576,121.4875775,,,,,,,,,
海洋之星潛水俱樂部,,外島/離島地區,台東縣,951台東縣綠島鄉18-1號,22.66536167,121.4716207,,,,,,,,,
綠島潛水出租店,,外島/離島地區,台東縣,951台東縣綠島鄉漁港26號之1號,22.66339712,121.4726111,,,,,,,,,
綠島飛魚潛水,,外島/離島地區,台東縣,951台東縣綠島鄉?港路1-2號,22.65780014,121.4755933,,,,,,,,,
Goods dive,,外島/離島地區,台東縣,951台東縣綠島鄉52之51,22.67112564,121.4731656,,,,,,,,,
水青潛水旅宿,,外島/離島地區,台東縣,951台東縣綠島鄉漁港16-2號,22.66256666,121.4734194,,,,,,,,,
Diving.come,,外島/離島地區,台東縣,951台東縣綠島鄉漁港1-60號,22.65512605,121.4750758,,,,,,,,,
夏潛趣潛水中心,,外島/離島地區,台東縣,951台東縣綠島鄉中寮35-1號,22.6743342,121.4702112,,,,,,,,,
安全停留潛水中心,,外島/離島地區,台東縣,951台東縣綠島鄉環島公路15-3號,22.65955399,121.4753885,,,,,,,,,
綠島-潛很大 Dive La Vie,,外島/離島地區,台東縣,"台東縣綠島鄉中寮村, Taitung, Taiwan",22.67279072,121.4717638,,,,,,,,,
綠島 樂潛殿,,外島/離島地區,台東縣,951台東縣綠島鄉漁港2之7號,22.65721508,121.4752099,,,,,,,,,
五米的藍潛水工作室,,外島/離島地區,台東縣,951台東縣綠島鄉柴口170-2號,22.677346,121.4861092,,,,,,,,,
綠島野蠻紮實潛水社,,外島/離島地區,台東縣,951303台東縣綠島鄉公?1之10號,22.67683566,121.4892855,,,,,,,,,
綠島-飛航模室潛水旅宿 Green lsland Airplane mode Hostel,,外島/離島地區,台東縣,951台東縣綠島鄉南寮205-1號,22.67152587,121.4675795,,,,,,,,,
綠島 海遇潛水,,外島/離島地區,台東縣,951台東縣綠島鄉221號,22.6742334,121.4746542,,,,,,,,,
勝宏浮潛,,外島/離島地區,台東縣,951台東縣綠島鄉漁港7號,22.66086106,121.4746683,,,,,,,,,
Hao想潛水,,外島/離島地區,台東縣,951台東縣綠島鄉188～3號,22.67723646,121.4888554,,,,,,,,,
Koh ocean · 嶼海 綠島自由潛水旅宿,,外島/離島地區,台東縣,951台東縣綠島鄉16號,22.67561686,121.4903798,,,,,,,,,
綠島海灣會館,,外島/離島地區,台東縣,951台東縣綠島鄉漁港路10之5號,22.66106982,121.4744906,,,,,,,,,
洄遊潛水Migration Diving,,外島/離島地區,台東縣,951台東縣綠島鄉環島公路,22.6475076,121.49881,,,,,,,,,
綠島微風潛水度假中心,,外島/離島地區,台東縣,台東縣綠島南寮村漁港1-58號號,22.6553435,121.4752009,,,,,,,,,
佈拉咖潛旅,,外島/離島地區,台東縣,951台東縣綠島鄉中寮54-3號,22.6732155,121.4732324,,,,,,,,,
綠島玉米-潛水住宿Diveholix Homestay,,外島/離島地區,台東縣,951台東縣綠島鄉南寮17號,22.6652242,121.4715971,,,,,,,,,
海島旅人 Diving Hostel ,,外島/離島地區,台東縣,951台東縣綠島鄉漁港路11號,22.66125749,121.4743447,,,,,,,,,
綠島快樂潛水民宿,,外島/離島地區,台東縣,95141台東縣綠島鄉南寮村一鄰南寮19號,22.66496176,121.471285,,,,,,,,,
月光城堡潛水中心(Mooncastle Dive Center),,外島/離島地區,台東縣,951台東縣綠島鄉漁港121號,22.65648565,121.4752591,,,,,,,,,
過日子民宿&綠島阿禧潛水俱樂部,,外島/離島地區,台東縣,951台東縣綠島鄉柴口55-1號,22.67466231,121.4805882,,,,,,,,,
CoolDiving Hostel｜背包輕旅｜潛水課程｜活動行程｜,,外島/離島地區,台東縣,951台東縣綠島鄉中寮52-2號,22.6730017,121.472694,,,,,,,,,
海街日記-OCEAN DIARY 綠島潛水旅宿,,外島/離島地區,台東縣,951台東縣綠島鄉公館50號,22.67537265,121.4909621,,,,,,,,,
植海的人 Seed of the Ocean,,外島/離島地區,台東縣,95142台東縣綠島鄉,22.6754061,121.4905545,,,,,,,,,
藏水綠島館Hide and Sea,,外島/離島地區,台東縣,951台東縣綠島鄉南寮漁港2-9號,22.6569551,121.4755155,,,,,,,,,
戀戀火燒島,,外島/離島地區,台東縣,95142台東縣綠島鄉南寮1-80號,22.65413323,121.4749565,,,,,,,,,
走走 zou l zou,,外島/離島地區,台東縣,951台東縣綠島鄉中寮55號,22.6743172,121.4709618,,,,,,,,,
海人生 C'est la vie 綠島海景民宿,,外島/離島地區,台東縣,951台東縣綠島鄉柴口33號,22.67461543,121.4792236,,,,,,,,,
水面休息潛水員旅宿,,外島/離島地區,台東縣,95141台東縣綠島鄉三鄰3-1號,22.67617812,121.4902052,,,,,,,,,
炫富·綠島 租車x潛水x套裝旅遊行程,,外島/離島地區,台東縣,951台東縣綠島鄉漁港116號,22.65675008,121.4755061,,,,,,,,,
柒七潛水旅店,,外島/離島地區,台東縣,951台東縣綠島鄉121號,22.67533601,121.4702286,,,,,,,,,
島人嶼海,,外島/離島地區,台東縣,951台東縣綠島鄉 2 鄰 113 號,22.67673505,121.4884079,,,,,,,,,
綠島9號精品渡假村,,外島/離島地區,台東縣,951台東縣綠島鄉漁港 3-1 號,22.65958311,121.4760671,,,,,,,,,
高氧旅宿,,外島/離島地區,台東縣,951台東縣綠島鄉南寮142號,22.66733835,121.4696905,,,,,,,,,
愛上綠島民宿,,外島/離島地區,台東縣,951台東縣綠島鄉漁港路39號,22.6643869,121.471821,,,,,,,,,
綠島居福潛水,,外島/離島地區,台東縣,951台東縣綠島鄉78-3號,22.67499387,121.492551,,,,,,,,,
綠島海猴子潛水Green Island Sea Monkey Diving,,外島/離島地區,台東縣,951台東縣綠島鄉51號,22.67510906,121.4917912,,,,,,,,,
綠島啤 酒魚潛水中心,,外島/離島地區,台東縣,951台東縣綠島鄉公館99號,22.6739701,121.4926692,,,,,,,,,
綠島海韻民宿(安欣立潛水中心happyminimi divecenter) |自由潛水 |水肺潛水|,,外島/離島地區,台東縣,951台東縣綠島鄉210號,22.66997022,121.4682604,,,,,,,,,
BLUE SAFARI DIVING CENTER 藍莎潛水中心（PADI五星級教練發展潛水中心）,,外島/離島地區,台東縣,951台東縣綠島鄉72號,22.6749033,121.4917939,,,,,,,,,
綠島怪獸潛水,,外島/離島地區,台東縣,951台東縣綠島鄉溫泉66號,22.64567481,121.4983325,,,,,,,,,
夏咖SHAKA D.C.潛水中心 Shaka.Aloha（SSI潛水中心）,,外島/離島地區,台東縣,951台東縣綠島鄉公?路82號,22.67455506,121.4920394,,,,,,,,,
綠島涵館TUBE18,,外島/離島地區,台東縣,951台東縣綠島鄉南寮村龜灣32-1號,22.64711862,121.4760167,,,,,,,,,
綠棕海租車浮潛社,,外島/離島地區,台東縣,951台東縣綠島鄉漁港路15-3號,22.66203235,121.4733911,,,,,,,,,
綠島諾亞民宿,,外島/離島地區,台東縣,台東縣綠島鄉柴口50之6號　,22.67447076,121.4802856,,,,,,,,,
蘭嶼 蘭底潛水,,外島/離島地區,台東縣,952台東縣蘭嶼鄉台東縣蘭嶼鄉紅頭村13號,22.02434932,121.5550809,,,,,,,,,
藍海屋潛水渡假村,,外島/離島地區,台東縣,952台東縣蘭嶼鄉1-8號,22.02350767,121.5585915,,,,,,,,,
蘭嶼潛規則工作室,,外島/離島地區,台東縣,952台東縣蘭嶼鄉東清村,22.05861142,121.5659626,,,,,,,,,
蘭嶼東龍潛水Tung Lung Diving INN,,外島/離島地區,台東縣,952台東縣蘭嶼鄉紅頭村1之10號,22.02092356,121.5604095,,,,,,,,,
蘭嶼路易浮潛&SUP,,外島/離島地區,台東縣,952台東縣蘭嶼鄉朗島村235-1號,22.07844834,121.5252715,,,,,,,,,
Tec Only 潛水中心,,外島/離島地區,台東縣,952台東縣蘭嶼鄉朗島村6-2號,22.07924579,121.5291356,,,,,,,,,
蘭嶼 飛魚浮潛,,外島/離島地區,台東縣,95241台東縣蘭嶼鄉漁人部落143號952,22.0264751,121.5411409,,,,,,,,,
Hertz freediving 自由潛水學校（蘭嶼）,,外島/離島地區,台東縣,952台東縣蘭嶼鄉1-19號,22.02315218,121.5589696,,,,,,,,,
Ownmind自由潛水工作室,,外島/離島地區,台東縣,952台東縣蘭嶼鄉12-2號,22.0581568,121.5654561,,,,,,,,,
Azul Apnea Freediving 朗。自由潛水,,外島/離島地區,台東縣,952台東縣蘭嶼鄉朗島村6-1號1樓,22.07919108,121.5291291,,,,,,,,,
暖暖浮潛,,外島/離島地區,台東縣,95242台東縣蘭嶼鄉82號,22.03823974,121.5669555,,,,,,,,,
Unlockdive 解鎖自由潛水工作室,,外島/離島地區,台東縣,952台東縣蘭嶼鄉122號,22.05056966,121.5126536,,,,,,,,,
蘭嶼小馬浮潛工作室/SUP立槳&浮潛體驗,,外島/離島地區,台東縣,952台東縣蘭嶼鄉197之1號,22.0390299,121.5668748,,,,,,,,,
海岸線 Lanyu Coastline,,外島/離島地區,台東縣,952台東縣蘭嶼鄉朗島村6鄰235之2號,22.07830805,121.5252279,,,,,,,,,
蘭嶼海的窩,,外島/離島地區,台東縣,台東縣蘭嶼鄉197之六號,22.03938483,121.5671146,,,,,,,,,
綠島飛魚潛水,,外島/離島地區,台東縣,951台東縣綠島鄉?港路1-2號,22.65781375,121.4755906,,,,,,,,,
吉米探險家露營地&潛水俱樂部 Jimmy Explorer's Campsite & Diving Club,,外島/離島地區,台東縣,952台東縣蘭嶼鄉1之6號,22.01316719,121.567451,,,,,,,,,
玩在蘭嶼—水上自行車/在地旅遊套裝行程,,外島/離島地區,台東縣,952台東縣蘭嶼鄉92之一,22.03902576,121.5662728,,,,,,,,,
藍洋潛水訓練中心 Blue Ocean SCUBA Center,,外島/離島地區,台東縣,952台東縣蘭嶼鄉295之2號,22.05835564,121.5095708,,,,,,,,,
全球技術潛水（嘉義店）,,南部地區,嘉義市,600嘉義市西區姜安街9號,23.48036288,120.4249911,,,,,,,,,
UFO悠浮潛水,,南部地區,嘉義市,600340嘉義市東區彌陀路238巷98弄82號,23.47570321,120.4661293,,,,,,,,,
三木子潛水選品,,南部地區,台南市,700台南市中西區忠義路一段40號,22.98579914,120.2018985,,,,,,,,,
Diversity freediving 潛城自由潛水訓練中心 台南站,,南部地區,台南市,700台南市中西區中山路90號10號樓之12,22.99432283,120.208216,,,,,,,,,
銀色快手台南潛水中心,,南部地區,台南市,710台南市永康區永勝街35號,23.01715722,120.2549304,,,,,,,,,
水領域潛水中心,,南部地區,台南市,710台南市永康區復興路33巷30號,22.9978736,120.2496608,,,,,,,,,
高手潛水,,南部地區,台南市,701台南市東區東門路二段384號,22.98229087,120.227434,,,,,,,,,
曼呆潛水 KOZY DIVE,,南部地區,台南市,702台南市南區永成路三段229號,22.96820478,120.1954857,,,,,,,,,
淨海潛水運動企業社,,南部地區,高雄市,826高雄市梓官區信義路68巷,22.76194014,120.2632078,,,,,,,,,
浪人潛水,,南部地區,高雄市,811高雄市楠梓區興楠路269號,22.72980875,120.3333727,,,,,,,,,
海天潛水俱樂部,,南部地區,高雄市,813高雄市左營區埤子頭路82巷35號,22.68247184,120.2899092,,,,,,,,,
一名鯨人影像潛水中心,,南部地區,高雄市,813高雄市左營區重光路72巷46號1樓,22.68136378,120.3031032,,,,,,,,,
台灣潛水企業有限公司,,南部地區,高雄市,814高雄市仁武區霞海南一街33號,22.68096589,120.3230002,,,,,,,,,
解憂潛水Chill Diving,,南部地區,高雄市,807高雄市三民區大順二路680巷23號,22.65362942,120.320301,,,,,,,,,
高雄 Blue Marine 潛水,,南部地區,高雄市,807高雄市三民區清明街27號,22.64743383,120.3388769,,,,,,,,,
貝里斯潛水,,南部地區,高雄市,807高雄市三民區清華街1巷11號,22.64029808,120.342318,,,,,,,,,
AGA 技術潛水中心,,南部地區,高雄市,807高雄市三民區民本街25號,22.64020403,120.3421548,,,,,,,,,
多樂潛水,,南部地區,高雄市,807高雄市三民區淵源街1號,22.63833753,120.3361147,,,,,,,,,
萬德福潛水有限公司,,南部地區,高雄市,80054高雄市新興區中正三路5號10號樓之4,22.63058605,120.3109683,,,,,,,,,
日大潛水RIDA Diving,,南部地區,高雄市,800高雄市新興區民生一路164號,22.62791934,120.3095693,,,,,,,,,
Solidblue?藍潛水工作室,,南部地區,高雄市,802高雄市苓雅區新光路62巷17號樓之一,22.61198159,120.3009903,,,,,,,,,
高雄自由潛水中心,,南部地區,高雄市,806高雄市前鎮區梧州街30巷21號,22.61442777,120.3163281,,,,,,,,,
蓬萊潛水,,南部地區,高雄市,802高雄市高雄市苓雅區建國一路233號,22.63322415,120.3221532,,,,,,,,,
羅浮潛水中心,,南部地區,高雄市,830高雄市鳳山區立志街152號,22.62268971,120.3563821,,,,,,,,,
高峰潛水,,南部地區,高雄市,831高雄市大寮區民泰街92號,22.63970603,120.3923303,,,,,,,,,
海峰登山潛水社,,南部地區,高雄市,812高雄市小港區宏平路311號,22.56963004,120.3607688,,,,,,,,,
innocean 在海裡 潛水旅宿,,南部地區,屏東縣,929屏東縣東港鎮中山路6號4號,22.46588337,120.4522516,,,,,,,,,
山潛水工作室Sapai scuba diving studio,,南部地區,屏東縣,945屏東縣牡丹鄉大梅路1-15號,22.10018513,120.7475009,,,,,,,,,
高峰潛水訓練中心,,南部地區,屏東縣,94450屏東縣車城鄉龍井路1-8號,22.05660312,120.7267811,,,,,,,,,
Freeisland 自由島嶼,,南部地區,屏東縣,944屏東縣車城鄉後灣路77之9號,22.04030989,120.6980411,,,,,,,,,
樂芙海洋,,南部地區,屏東縣,944013屏東縣車城鄉後灣路181-1號,22.03856075,120.6944154,,,,,,,,,
恆茄-自由潛水背包客棧,,南部地區,屏東縣,946屏東縣恆春鎮茄苳路萬泉巷63號,22.0388671,120.7154093,,,,,,,,,
O.H海歸潛水,,南部地區,屏東縣,946屏東縣恆春鎮仁壽路141-15號,22.02591632,120.7372004,,,,,,,,,
Lidaodive麗島潛水-墾丁,,南部地區,屏東縣,946屏東縣恆春鎮省北路390號,22.02138271,120.7439271,,,,,,,,,
墾丁GO Diving趣潛水&寧靜的家3館,,南部地區,屏東縣,946屏東縣恆春鎮大埔路16-50號,22.01903734,120.7384539,,,,,,,,,
Tec Only Kenting Diving Center,,南部地區,屏東縣,946屏東縣恆春鎮興北路中興巷72號,22.00912078,120.7258452,,,,,,,,,
墾丁自由潛水 Freedive Kenting,,南部地區,屏東縣,946屏東縣恆春鎮德和路160巷1弄19號,21.99788808,120.7276139,,,,,,,,,
海水正藍Ocean Blueming,,南部地區,屏東縣,946屏東縣恆春鎮草埔路57巷５之１號,22.01004812,120.7351981,,,,,,,,,
藍色海洋潛水訓練中心,,南部地區,屏東縣,946屏東縣恆春鎮恆公路967號,22.00892873,120.7404355,,,,,,,,,
酷達潛水中心 Kuta Dive,,南部地區,屏東縣,946屏東縣恆春鎮恆公路965號,22.00866184,120.7403649,,,,,,,,,
有潛生活 潛水訓練中心,,南部地區,屏東縣,946屏東縣恆春鎮恆公路1012巷二弄1號,22.00988024,120.7425523,,,,,,,,,
墾丁海世界潛水 OceanWorld Diving Center,,南部地區,屏東縣,94645屏東縣恆春鎮省北路1巷3弄26號,22.00989268,120.7425644,,,,,,,,,
墾丁環礁潛水中心,,南部地區,屏東縣,946屏東縣恆春鎮鎮復興路112巷48號,22.00747802,120.7424046,,,,,,,,,
Okeano Free Dive漁生自由潛水教室3.0,,南部地區,屏東縣,946屏東縣恆春鎮中正路232巷43號,22.00688662,120.7445134,,,,,,,,,
簡單潛水,,南部地區,屏東縣,946屏東縣恆春鎮恆北路86-17號,22.01025723,120.7492454,,,,,,,,,
潛藍Liyal,,南部地區,屏東縣,946010屏東縣恆春鎮恆北路88號之18,22.00913923,120.7501964,,,,,,,,,
嶼海tu?-h?i,,南部地區,屏東縣,946屏東縣恆春鎮中正路232巷147弄26號,22.00880423,120.7461876,,,,,,,,,
Divingmind潛意識恆春分部,,南部地區,屏東縣,946屏東縣恆春鎮環城北路217之2號,22.00945487,120.7450703,,,,,,,,,
悠樂趣潛水俱樂部,,南部地區,屏東縣,946屏東縣恆春鎮西門路25號,22.00616225,120.7430348,,,,,,,,,
奇怪教練自由潛水教室 Weirdo Freediving,,南部地區,屏東縣,946屏東縣恆春鎮西門路23巷9號,22.00592754,120.7427499,,,,,,,,,
SEACHANGER正式自由,,南部地區,屏東縣,946屏東縣恆春鎮恆北路86號-13號,22.00982115,120.7493381,,,,,,,,,
墾丁．就是要潛水,,南部地區,屏東縣,946屏東縣恆春鎮北門路42巷21弄5號,22.00577478,120.7480574,,,,,,,,,
醉初自由潛水,,南部地區,屏東縣,946屏東縣恆春鎮北門路42巷21弄3號,22.00499913,120.7480542,,,,,,,,,
潛水部落 D Dive Center,,南部地區,屏東縣,946屏東縣恆春鎮山腳路100-1號,22.00413634,120.7515993,,,,,,,,,
浪影 surfilms 背包旅宿,,南部地區,屏東縣,946屏東縣恆春鎮北門路39巷9號,22.00436404,120.7467812,,,,,,,,,
暖洋潛水旅宿 Wonder Ocean Dive Hostel,,南部地區,屏東縣,946屏東縣恆春鎮光明路48巷8號,22.00202293,120.7442026,,,,,,,,,
「墾丁美人魚學校」GirlDive-Mermaid,,南部地區,屏東縣,946屏東縣恆春鎮恆西路33巷42號,22.00125827,120.7410314,,,,,,,,,
海島瘋３號店－薄荷小日子旅宿Days In Bohol,,南部地區,屏東縣,946屏東縣恆春鎮恆公路676號,22.00113863,120.7400964,,,,,,,,,
鯊墾丁潛水旅店 Sharkenting Dive Center,,南部地區,屏東縣,946屏東縣恆春鎮恆西路33巷123弄5號,21.99999014,120.7422788,,,,,,,,,
魚人族自由潛水Fishman,,南部地區,屏東縣,946屏東縣恆春鎮恆公路372-1號,21.99891137,120.7413861,,,,,,,,,
墾丁Go Diving 趣潛水恒春背包客棧,,南部地區,屏東縣,94641屏東縣恆春鎮恒南路231號,22.00034986,120.7445199,,,,,,,,,
貓魚小窩,,南部地區,屏東縣,946屏東縣恆春鎮環城南路135巷5號,21.99922369,120.7459094,,,,,,,,,
半島海人,,南部地區,屏東縣,946屏東縣恆春鎮山腳路39之16號,21.99846267,120.7539119,,,,,,,,,
帶福新樂園潛水中心,,南部地區,屏東縣,946屏東縣恆春鎮恆南路2巷2弄24號,21.99487597,120.7465153,,,,,,,,,
綠豆人國際潛水中心,,南部地區,屏東縣,946屏東縣恆春鎮恆公路156號,21.99622177,120.7431783,,,,,,,,,
OneDay Freediving 找一天自由潛水工作室,,南部地區,屏東縣,946屏東縣恆春鎮恆南路117巷11弄3號,21.99626744,120.7446956,,,,,,,,,
珊瑚生活coral’s life,,南部地區,屏東縣,946屏東縣恆春鎮恆南路117巷47號,21.99603546,120.7436974,,,,,,,,,
深藍實驗室 Dark Blue Lab,,南部地區,屏東縣,946屏東縣恆春鎮恆南路117巷64號,21.99550279,120.7446868,,,,,,,,,
水采田潛水酒吧民宿,,南部地區,屏東縣,946屏東縣恆春鎮福城街66號,21.99779368,120.7468114,,,,,,,,,
BENEATH Dive Club 水下俱樂部,,南部地區,屏東縣,946屏東縣恆春鎮恒南路12巷6號,21.99037159,120.7482602,,,,,,,,,
墾丁自由潛水 Freedive Kenting,,南部地區,屏東縣,946屏東縣恆春鎮德和路160巷1弄19號,21.99789218,120.7276212,,,,,,,,,
恆春海豚潛水,,南部地區,屏東縣,946屏東縣恆春鎮糠林南路460號,21.99732811,120.7310266,,,,,,,,,
海洋白日夢自由潛水,,南部地區,屏東縣,946屏東縣恆春鎮糠林南路250-1號,21.99349902,120.7322611,,,,,,,,,
海私塾潛水中心,,南部地區,屏東縣,946屏東縣恆春鎮糠林南路56巷35弄9號,21.99020313,120.7330729,,,,,,,,,
Hi Manta 自由潛水,,南部地區,屏東縣,946屏東縣恆春鎮恒南路29之2號,21.99174488,120.7470005,,,,,,,,,
騏艦藍海灣&潛水度假村,,南部地區,屏東縣,94646屏東縣恆春鎮龍泉路63號1樓,21.98774393,120.7370634,,,,,,,,,
潛水萬歲 Diving Forever,,南部地區,屏東縣,946屏東縣恆春鎮龍泉路112巷3號,21.98574429,120.7308161,,,,,,,,,
penny愛潛水,,南部地區,屏東縣,946屏東縣恆春鎮萬里路7-3號,21.99682135,120.7054134,,,,,,,,,
水到魚行浮潛館,,南部地區,屏東縣,946屏東縣恆春鎮萬里路24-6號,21.99634275,120.7048871,,,,,,,,,
萬里桐浮潛中心,,南部地區,屏東縣,946屏東縣恆春鎮萬里路14-3號,21.99576608,120.7067502,,,,,,,,,
山海潛水,,南部地區,屏東縣,946屏東縣恆春鎮山海里山海路78-7號,21.98442149,120.7136481,,,,,,,,,
海潮潛水 Tide Dive,,南部地區,屏東縣,946屏東縣恆春鎮龍泉路188號,21.98450507,120.7289448,,,,,,,,,
深度潛水Deep Dive Center?,,南部地區,屏東縣,946屏東縣恆春鎮龍泉路246巷6號,21.98189973,120.7290439,,,,,,,,,
二級頭潛水站,,南部地區,屏東縣,946屏東縣恆春鎮檳榔路2-3號,21.97464029,120.7315014,,,,,,,,,
Hi D-Diving海底潛水,,南部地區,屏東縣,946屏東縣恆春鎮西潭路83巷3號,21.96837421,120.7330734,,,,,,,,,
羅浮國際潛水中心DIWA教練課程發展中心,,南部地區,屏東縣,946屏東縣恆春鎮砂尾路75號,21.95660543,120.7292435,,,,,,,,,
PsychoDive自由潛水店,,南部地區,屏東縣,946屏東縣恆春鎮樹林路49-2號,21.95154037,120.7220299,,,,,,,,,
必見水潛水 Pink House Diving,,南部地區,屏東縣,946屏東縣恆春鎮樹林路42之1號,21.94992477,120.7220938,,,,,,,,,
心海潛水中心 & SUP,,南部地區,屏東縣,946005屏東縣恆春鎮砂尾路32-1號,21.95903945,120.7395129,,,,,,,,,
TIAMAT? Diving Club × 苦水輕旅,,南部地區,屏東縣,94645屏東縣恆春鎮砂尾路26號,21.95819405,120.7381062,,,,,,,,,
祥瑞潛水,,南部地區,屏東縣,946屏東縣恆春鎮大光里砂尾路17-6號,21.95291098,120.7380132,,,,,,,,,
放呆潛水俱樂部Fun Dive Club,,南部地區,屏東縣,946屏東縣恆春鎮砂尾路55-5號,21.95245875,120.7374906,,,,,,,,,
PureBlueDive,,南部地區,屏東縣,946屏東縣恆春鎮大光路10號,21.95056007,120.7412669,,,,,,,,,
La Sea Dive - 樂灣潛水,,南部地區,屏東縣,946屏東縣恆春鎮大光路28號,21.95018708,120.7399679,,,,,,,,,
墾丁海陸仔體驗潛水,,南部地區,屏東縣,946屏東縣恆春鎮大光路36號,21.94947122,120.7384498,,,,,,,,,
阿yao潛水趣,,南部地區,屏東縣,946屏東縣恆春鎮大光路48之3號,21.94912352,120.7388112,,,,,,,,,
WoW Dive 渥潛水,,南部地區,屏東縣,946屏東縣恆春鎮大光路47號946,21.94913998,120.7390466,,,,,,,,,
好好潛水 GOOD DIVE,,南部地區,屏東縣,946屏東縣恆春鎮大光路95號,21.94810092,120.7404743,,,,,,,,,
潛龍墾丁潛水中心,,南部地區,屏東縣,946屏東縣恆春鎮大光路97之6號,21.94757882,120.7399746,,,,,,,,,
CTdiver 墾丁PADI潛水中心,,南部地區,屏東縣,946屏東縣恆春鎮大光路85-5號,21.94797171,120.7410326,,,,,,,,,
E哥潛水休閒會館,,南部地區,屏東縣,946屏東縣恆春鎮大光路115-13號,21.94666186,120.7397882,,,,,,,,,
台客潛水TK.Diving,,南部地區,屏東縣,946屏東縣恆春鎮大光路56-55號,21.94642543,120.7340795,,,,,,,,,
深呼吸潛水渡假民宿 Azure Journey Dive & Villa,,南部地區,屏東縣,946屏東縣恆春鎮大光路120號-3號,21.94574971,120.7388954,,,,,,,,,
台客＋,,南部地區,屏東縣,946屏東縣恆春鎮大光路123-9號,21.94471614,120.7395381,,,,,,,,,
南青潛水 DivePro,,南部地區,屏東縣,946屏東縣恆春鎮大光路79-45號,21.94577715,120.7424439,,,,,,,,,
墾丁安可浮潛,,南部地區,屏東縣,946屏東縣恆春鎮大光路79-32號,21.94565127,120.7425617,,,,,,,,,
泡泡隆潛水,,南部地區,屏東縣,946屏東縣恆春鎮大光路79-49號,21.94477882,120.7428344,,,,,,,,,
墾丁舒服潛水,,南部地區,屏東縣,946屏東縣恆春鎮大光路79-49號,21.94471662,120.7428546,,,,,,,,,
台灣潛水墾丁店,,南部地區,屏東縣,946屏東縣恆春鎮大光路55-60號,21.94309189,120.7363595,,,,,,,,,
藍洞潛水Blue Hole Dive Center,,南部地區,屏東縣,946屏東縣恆春鎮大光路128-12號,21.94135213,120.7371167,,,,,,,,,
徜洋潛水訓練中心,,南部地區,屏東縣,94646屏東縣恆春鎮大光路138-8號,21.93829138,120.7351533,,,,,,,,,
鯨目自由潛水,,南部地區,屏東縣,946屏東縣恆春鎮大光路138-2號,21.93743882,120.7335715,,,,,,,,,
光合樂潛水度假中心,,南部地區,屏東縣,946屏東縣恆春鎮大光路138之36號,21.93630504,120.7345034,,,,,,,,,
墾丁南灣小浪花,,南部地區,屏東縣,946屏東縣恆春鎮大光路140-5號,21.93510059,120.7316745,,,,,,,,,
啊娃潛水 ? WaWa Dive Club ?,,南部地區,屏東縣,946屏東縣恆春鎮下泉路7-7號,21.93189485,120.7309783,,,,,,,,,
活力潛水中心,,南部地區,屏東縣,946屏東縣恆春鎮下泉路44號墾丁國家公園,21.92886704,120.7331563,,,,,,,,,
Drifters' Diving Club 浪兒潛水俱樂部,,南部地區,屏東縣,946屏東縣恆春鎮下泉路66-2號,21.92800637,120.7321924,,,,,,,,,
三鮫貓潛水,,南部地區,屏東縣,946006屏東縣恆春鎮下泉路47-2號,21.92861903,120.7327842,,,,,,,,,
南勇浮潛企業社,,南部地區,屏東縣,946屏東縣恆春鎮大光路79-56號,21.94248158,120.7431704,,,,,,,,,
HDK旱鴨子自由潛水(HanDucK),,南部地區,屏東縣,946屏東縣恆春鎮墾丁路通海巷195號,21.94490758,120.7979983,,,,,,,,,
自立潛水,,南部地區,屏東縣,946屏東縣恆春鎮船帆路842號,21.93566407,120.8226125,,,,,,,,,
野人日記~澎湖南方四島/七美/無人島探險/海露、Sup浮潛/自潛澎湖90群島探險潛旅、自由潛水、私人潛導,,外島/離島地區,澎湖縣, 881澎湖縣西嶼鄉內垵村,23.57384054,119.5054569,,,,,,,,,
PIDC亞果國際潛水中心,,外島/離島地區,澎湖縣,880澎湖縣馬公市?裡360號,23.5290444,119.5541421,,,,,,,,,
稻荷潛水中心InariDive,,外島/離島地區,澎湖縣,880澎湖縣馬公市160號,23.52625804,119.5679892,,,,,,,,,
陽光阿有,,外島/離島地區,澎湖縣,880澎湖縣馬公市號,23.51819917,119.5928233,,,,,,,,,
海洋途徑潛水,,外島/離島地區,澎湖縣,880澎湖縣馬公市No170 Jimuwu,23.52537828,119.5927095,,,,,,,,,
海獺潛水,,外島/離島地區,澎湖縣,880澎湖縣馬公市鎖港里1933號,23.52428081,119.5963257,,,,,,,,,
波賽頓山水店（水肺潛水/浮潛）,,外島/離島地區,澎湖縣,880澎湖縣馬公市鎖港里1962號1樓,23.52360952,119.5968405,,,,,,,,,
日日潛水,,外島/離島地區,澎湖縣,880澎湖縣馬公市68-2號,23.53445205,119.6023905,,,,,,,,,
PADI澎湖興仁潛水訓練中心(有些活動有含住宿),,外島/離島地區,澎湖縣,88053澎湖縣馬公市烏崁里128號之25,23.5480137,119.6177301,,,,,,,,,
喬米潛水 薰衣草海底郵筒浮潛 體驗潛水,,外島/離島地區,澎湖縣,885澎湖縣湖西鄉隘門村16-10號88593,23.56440842,119.6351461,,,,,,,,,
澎湖潛水會,,外島/離島地區,澎湖縣,880澎湖縣馬公市漁隆路7-1號,23.56555732,119.568845,,,,,,,,,
琉浪潛水背包客棧Drift Diving Hostel,,外島/離島地區,屏東縣,929屏東縣琉球鄉忠孝路一巷2-6號,22.32495307,120.3644877,,,,,,,,,
天天潛水,,外島/離島地區,屏東縣,929屏東縣琉球鄉環島公路,22.32864706,120.3545638,,,,,,,,,
奧之海潛水旅宿 Odyssey Divers Hostel,,外島/離島地區,屏東縣,929屏東縣琉球鄉中正路57號,22.32786016,120.3576314,,,,,,,,,
AIRTIME Diving 潛水工作室,,外島/離島地區,屏東縣,929屏東縣琉球鄉信義路11-1號貨櫃屋,22.32873843,120.357576,,,,,,,,,
洋Free diving-高雄自由潛水 / 小琉球 / 墾丁,,外島/離島地區,屏東縣,929屏東縣琉球鄉信義路11-1號,22.32872168,120.3576129,,,,,,,,,
琉影潛水,,外島/離島地區,屏東縣,929屏東縣琉球鄉中正路1巷90-2號,22.33049756,120.3586706,,,,,,,,,
Shengdiving,,外島/離島地區,屏東縣,92942屏東縣琉球鄉忠孝路108號,22.32907576,120.3639312,,,,,,,,,
鬥陣潛水小琉球分部,,外島/離島地區,屏東縣,929屏東縣琉球鄉忠孝路120之8號,22.32930899,120.3641583,,,,,,,,,
SaltyMind Freediving 鹹腦袋自由潛水,,外島/離島地區,屏東縣,929屏東縣琉球鄉中正路137號,22.33111529,120.3627512,,,,,,,,,
小琉球悠遊潛水,,外島/離島地區,屏東縣,929屏東縣琉球鄉中興路1之8號,22.33312559,120.3628047,,,,,,,,,
Free4Ocean 自由潛水,,外島/離島地區,屏東縣,92942屏東縣琉球鄉和平路1巷9號,22.33354386,120.3724048,,,,,,,,,
VD自由潛水【小琉球教室】| VD Freediving Taiwan,,外島/離島地區,屏東縣,屏東縣琉球鄉和平路1號2樓,22.33393083,120.3725755,,,,,,,,,
co_diving 自由潛水工作室,,外島/離島地區,屏東縣,929屏東縣琉球鄉和平路3巷1-5號,22.33476833,120.3718092,,,,,,,,,
酷落潛水 Kuroshio Diving,,外島/離島地區,屏東縣,929屏東縣琉球鄉和平路13-3號,22.3352976,120.3714012,,,,,,,,,
小琉球-小綠龜潛水,,外島/離島地區,屏東縣,929屏東縣琉球鄉和平路32-5號,22.33596029,120.3713078,,,,,,,,,
EXTD diving center 延伸潛水,,外島/離島地區,屏東縣,929屏東縣琉球鄉中興路33-360號,22.33752494,120.3673792,,,,,,,,,
蜂潛水海洋俱樂部潛水中心,,外島/離島地區,屏東縣,92942屏東縣琉球鄉中興路33-39號,22.33765313,120.3672215,,,,,,,,,
快樂小魚潛水教學中心,,外島/離島地區,屏東縣,929屏東縣琉球鄉復興路七號,22.33954055,120.3630489,,,,,,,,,
哈尼潛水 Hot Diving,,外島/離島地區,屏東縣,929屏東縣琉球鄉杉板路53巷16之1號,22.34064785,120.3662194,,,,,,,,,
瘋潛雪 Fun Dive Ski,,外島/離島地區,屏東縣,929屏東縣琉球鄉杉板路30-1號,22.34070967,120.3655891,,,,,,,,,
heyheyDive,,外島/離島地區,屏東縣,929屏東縣琉球鄉上福村杉板路30號之1,22.34130836,120.3652691,,,,,,,,,
白牌自由潛水中心,,外島/離島地區,屏東縣,929屏東縣琉球鄉肚仔坪路15之2號,22.34277216,120.363438,,,,,,,,,
小琉球369浮潛店,,外島/離島地區,屏東縣,929屏東縣琉球鄉上杉路1巷80號92942,22.33977502,120.3693908,,,,,,,,,
啾開心浮潛,,外島/離島地區,屏東縣,929屏東縣琉球鄉上杉路1巷3號,22.34041758,120.3696432,,,,,,,,,
Dive Buddy 自由潛水工作室&背包客棧,,外島/離島地區,屏東縣,929屏東縣琉球鄉中正路188之6號,22.34054099,120.371368,,,,,,,,,
流星潛水中心,,外島/離島地區,屏東縣,929屏東縣琉球鄉上杉路18之15號,22.34138674,120.3691835,,,,,,,,,
小琉球潛吧潛水DIVE BAR,,外島/離島地區,屏東縣,929屏東縣琉球鄉上杉路31巷2號,22.34196036,120.3687336,,,,,,,,,
潛境自由潛水,,外島/離島地區,屏東縣,929001屏東縣琉球鄉中華路2-2號,22.34231959,120.3693887,,,,,,,,,
島氮潛水社 Playful Dive Club,,外島/離島地區,屏東縣,929屏東縣琉球鄉中華路21-11號,22.34333912,120.369738,,,,,,,,,
小琉球 小丑魚浮潛,,外島/離島地區,屏東縣,929屏東縣琉球鄉中山路925號,22.3424077,120.3728204,,,,,,,,,
DEEPSOUL,,外島/離島地區,屏東縣,929屏東縣琉球鄉三民路1之56號,22.34189712,120.3845845,,,,,,,,,
蹼客基地,,外島/離島地區,屏東縣,929屏東縣琉球鄉三民路39-1號前方,22.34502459,120.3863856,,,,,,,,,
阿貴潛水中心,,外島/離島地區,屏東縣,929屏東縣琉球鄉環島公路40-1號,22.3461279,120.3883345,,,,,,,,,
Freedive Nomad Taiwan,,外島/離島地區,屏東縣,929屏東縣琉球鄉行政路20-12號,22.34782933,120.3823451,,,,,,,,,
O2潛水俱樂部,,外島/離島地區,屏東縣,929屏東縣琉球鄉三民路151之9號,22.3472335,120.3850874,,,,,,,,,
萊這哩浮潛,,外島/離島地區,屏東縣,929屏東縣琉球鄉本漁路81巷22之1號,22.34797586,120.385173,,,,,,,,,
琉潛貨櫃潛水旅宿 Liuqiu Dive,,外島/離島地區,屏東縣,929屏東縣琉球鄉本漁路81巷20之2號,22.34799012,120.3852213,,,,,,,,,
小琉球潛水阿貴民宿 包棟住宿 / 潛水體驗 / 旅遊,,外島/離島地區,屏東縣,929屏東縣琉球鄉三民路58號,22.34808492,120.3881465,,,,,,,,,
海之家潛水店,,外島/離島地區,屏東縣,929屏東縣琉球鄉本漁路48之6號,22.34825205,120.3862701,,,,,,,,,
舶琉潛水浮潛/體驗潛水/海底漫步/SUP立槳/ 獨木舟/遊艇包船,,外島/離島地區,屏東縣,929屏東縣琉球鄉觀光港路80之10號,22.35108855,120.3855772,,,,,,,,,
大眾浮潛,,外島/離島地區,屏東縣,929屏東縣琉球鄉三民路277號,22.35237684,120.3828201,,,,,,,,,
Om Space 平行時空 ,,外島/離島地區,屏東縣,929屏東縣琉球鄉三民路243之4號,22.35188466,120.3833945,,,,,,,,,
小琉球潛水-潛雪SnowDiving,,外島/離島地區,屏東縣,929屏東縣琉球鄉三民路224之1號,22.3519139,120.3835342,,,,,,,,,
小琉球-琉球夯浮潛,,外島/離島地區,屏東縣,"1-13 民族路, 琉球鄉屏東縣929",22.35263441,120.3836087,,,,,,,,,
布雷克潛水,,外島/離島地區,屏東縣,929屏東縣琉球鄉復興路一巷14號,22.34604581,120.3678375,,,,,,,,,
阿Ya潛棧 A Ya Diving Hostel,,外島/離島地區,屏東縣,929屏東縣琉球鄉復興路99號,22.34670329,120.3689004,,,,,,,,,
波賽頓海洋運動俱樂部 - Poseidon Water Sports Club,,外島/離島地區,屏東縣,929屏東縣琉球鄉中華路118-1號,22.34545433,120.3728493,,,,,,,,,
老婆潛水工作室,,外島/離島地區,屏東縣,929屏東縣琉球鄉相埔路18之3號,22.34561647,120.3749307,,,,,,,,,
小琉球陽光浮潛,,外島/離島地區,屏東縣,929屏東縣琉球鄉中山路43-20號,22.34650388,120.376614,,,,,,,,,
秘密客潛水旅宿,,外島/離島地區,屏東縣,929屏東縣琉球鄉相埔路50號之3,22.34662052,120.3738511,,,,,,,,,
派大星潛水／浮潛,,外島/離島地區,屏東縣,929屏東縣琉球鄉相埔路52 之 1 號,22.34685853,120.3734154,,,,,,,,,
水啦潛水教練發展中心,,外島/離島地區,屏東縣,929屏東縣琉球鄉相埔路92966號附近,22.34690773,120.3729049,,,,,,,,,
流星打氣站,,外島/離島地區,屏東縣,929屏東縣琉球鄉相埔路79號之9號,22.34686494,120.3715676,,,,,,,,,
小琉球潛水-水藍攝潛水 Water blue diving,,外島/離島地區,屏東縣,929屏東縣琉球鄉相埔路88號之8,22.34717553,120.371665,,,,,,,,,
熊潛水培訓中心,,外島/離島地區,屏東縣,929屏東縣琉球鄉相埔路87號,22.34702907,120.3712214,,,,,,,,,
海世界浮潛,,外島/離島地區,屏東縣,929屏東縣琉球鄉上杉路101之5號,22.34516417,120.3661274,,,,,,,,,
小琉球 愛潛水,,外島/離島地區,屏東縣,929屏東縣琉球鄉復興路161之99號,22.35089909,120.3752176,,,,,,,,,
小海龜水上活動,,外島/離島地區,屏東縣,屏東縣琉球鄉復興路161之99號,22.34908049,120.3723381,,,,,,,,,
